"","TradeDate","Expiry","Strike","CallPremiumIn","PutPremiumIn","CallPremiumOut","PutPremiumOut","PnL"
"1",2018-02-28,2018-02-28,2715,3.76,1.16,3.76,1.16,0
"2",2018-02-28,2018-02-28,2715,15.15,15.2,3.76,1.16,-25
"3",2018-02-28,2018-02-28,2715,20.89,19.2,3.76,1.16,-35
"4",2018-02-28,2018-02-28,2715,23.95,22.66,3.76,1.16,-42
"5",2018-02-28,2018-02-28,2715,28.75,26.65,3.76,1.16,-50
"6",2018-02-28,2018-02-28,2715,28.1,28.4,3.76,1.16,-52
"7",2018-02-28,2018-02-28,2715,32.85,32.7,3.76,1.16,-61
"8",2018-02-28,2018-02-28,2715,34.55,33.45,3.76,1.16,-63
"9",2018-02-28,2018-02-28,2715,36.65,35.2,3.76,1.16,-67
"10",2018-02-28,2018-02-28,2715,39.94,39.8,3.76,1.16,-75
"11",2018-02-28,2018-02-28,2715,41.8,40.35,3.76,1.16,-77
"12",2018-02-28,2018-02-28,2715,43.06,41.86,3.76,1.16,-80
"13",2018-02-28,2018-02-28,2715,45.5,42.39,3.76,1.16,-83
"14",2018-02-28,2018-02-28,2715,46.84,44.1,3.76,1.16,-86
"15",2018-02-28,2018-02-28,2715,47.94,45.05,3.76,1.16,-88
"16",2018-02-28,2018-02-28,2715,49.05,45.75,3.76,1.16,-90
"17",2018-02-28,2018-02-28,2715,50.56,48.75,3.76,1.16,-94
"18",2018-02-28,2018-02-28,2715,56.8,53.26,3.76,1.16,-105
"19",2018-02-28,2018-02-28,2715,61.99,58,3.76,1.16,-115
"20",2018-02-28,2018-02-28,2715,67,62.65,3.76,1.16,-125
"21",2018-02-28,2018-02-28,2715,78,72.54,3.76,1.16,-146
"22",2018-02-28,2018-02-28,2715,100.3,91.61,3.76,1.16,-187
"23",2018-04-30,2018-04-30,2650,0.28,0.98,0.28,0.98,0
"24",2018-04-30,2018-04-30,2650,12.6,13.45,0.28,0.98,-25
"25",2018-04-30,2018-04-30,2650,17.26,17.7,0.28,0.98,-34
"26",2018-04-30,2018-04-30,2650,19.5,20.55,0.28,0.98,-39
"27",2018-04-30,2018-04-30,2650,23.49,23.3,0.28,0.98,-46
"28",2018-04-30,2018-04-30,2650,25.35,26.8,0.28,0.98,-51
"29",2018-04-30,2018-04-30,2650,26.79,27.91,0.28,0.98,-53
"30",2018-04-30,2018-04-30,2650,29,30.99,0.28,0.98,-59
"31",2018-04-30,2018-04-30,2650,30.55,33.4,0.28,0.98,-63
"32",2018-04-30,2018-04-30,2650,32.8,35.06,0.28,0.98,-67
"33",2018-04-30,2018-04-30,2650,34.8,36.55,0.28,0.98,-70
"34",2018-04-30,2018-04-30,2650,36.75,38.05,0.28,0.98,-74
"35",2018-04-30,2018-04-30,2650,37.45,39.8,0.28,0.98,-76
"36",2018-04-30,2018-04-30,2650,38.89,40.8,0.28,0.98,-78
"37",2018-04-30,2018-04-30,2650,40,41.3,0.28,0.98,-80
"38",2018-04-30,2018-04-30,2650,40.5,42.2,0.28,0.98,-81
"39",2018-04-30,2018-04-30,2650,41.9,43.3,0.28,0.98,-84
"40",2018-04-30,2018-04-30,2650,44.99,46.56,0.28,0.98,-90
"41",2018-04-30,2018-04-30,2650,49.8,52.56,0.28,0.98,-101
"42",2018-04-30,2018-04-30,2650,54.95,56.05,0.28,0.98,-110
"43",2018-04-30,2018-04-30,2650,60.35,60.3,0.28,0.98,-119
"44",2018-04-30,2018-04-30,2650,70.35,70.3,0.28,0.98,-139
"45",2018-04-30,2018-04-30,2650,76.2,74.4,0.28,0.98,-149
"46",2018-04-30,2018-04-30,2650,83.7,83.25,0.28,0.98,-166
"47",2018-04-30,2018-04-30,2650,90.06,89.15,0.28,0.98,-178
"48",2018-04-30,2018-04-30,2650,98.85,96,0.28,0.98,-194
"49",2018-04-30,2018-04-30,2650,101.7,98.96,0.28,0.98,-199
"50",2018-04-30,2018-04-30,2650,132.06,126.05,0.28,0.98,-257
"51",2018-04-30,2018-04-30,2650,131.85,126.66,0.28,0.98,-257
"52",2018-04-30,2018-04-30,2650,136.4,128,0.28,0.98,-263
"53",2018-04-30,2018-04-30,2650,142,132.2,0.28,0.98,-273
"54",2018-04-30,2018-04-30,2650,159.11,147.8,0.28,0.98,-306
"55",2018-04-30,2018-04-30,2650,164.6,151.05,0.28,0.98,-314
"56",2018-04-30,2018-04-30,2650,186.35,169.85,0.28,0.98,-355
"57",2018-04-30,2018-04-30,2650,229.55,201.36,0.28,0.98,-430
"58",2018-04-30,2018-04-30,2650,304.14,250.41,0.28,0.98,-553
"59",2018-06-29,2018-06-29,2720,1.73,0.68,1.73,0.68,0
"60",2018-06-29,2018-06-29,2720,12.2,10.41,1.73,0.68,-20
"61",2018-06-29,2018-06-29,2720,14.09,12.55,1.73,0.68,-24
"62",2018-06-29,2018-06-29,2720,19.71,18.7,1.73,0.68,-36
"63",2018-06-29,2018-06-29,2720,21.36,20.26,1.73,0.68,-39
"64",2018-06-29,2018-06-29,2720,24.8,23.3,1.73,0.68,-46
"65",2018-06-29,2018-06-29,2720,27.85,25.65,1.73,0.68,-51
"66",2018-06-29,2018-06-29,2720,29.25,27.55,1.73,0.68,-54
"67",2018-06-29,2018-06-29,2720,31.75,30.05,1.73,0.68,-59
"68",2018-06-29,2018-06-29,2720,32.8,31.65,1.73,0.68,-62
"69",2018-06-29,2018-06-29,2720,35.61,32.65,1.73,0.68,-66
"70",2018-06-29,2018-06-29,2720,37.16,34.09,1.73,0.68,-69
"71",2018-06-29,2018-06-29,2720,39.15,36.3,1.73,0.68,-73
"72",2018-06-29,2018-06-29,2720,39.25,36.55,1.73,0.68,-73
"73",2018-06-29,2018-06-29,2720,40.89,37.65,1.73,0.68,-76
"74",2018-06-29,2018-06-29,2720,41,38.4,1.73,0.68,-77
"75",2018-06-29,2018-06-29,2720,43.65,40.1,1.73,0.68,-81
"76",2018-06-29,2018-06-29,2720,44.56,40.84,1.73,0.68,-83
"77",2018-06-29,2018-06-29,2720,47,44.86,1.73,0.68,-89
"78",2018-06-29,2018-06-29,2720,49.55,49.41,1.73,0.68,-97
"79",2018-06-29,2018-06-29,2720,55.25,52.35,1.73,0.68,-105
"80",2018-06-29,2018-06-29,2720,58.9,56.6,1.73,0.68,-113
"81",2018-06-29,2018-06-29,2720,70.4,67.6,1.73,0.68,-136
"82",2018-06-29,2018-06-29,2720,75.25,70.9,1.73,0.68,-144
"83",2018-06-29,2018-06-29,2720,84.6,80.25,1.73,0.68,-162
"84",2018-06-29,2018-06-29,2720,92.5,86.1,1.73,0.68,-176
"85",2018-06-29,2018-06-29,2720,103.15,98.55,1.73,0.68,-199
"86",2018-08-31,2018-08-31,2900,1.85,0.03,1.85,0.03,0
"87",2018-08-31,2018-08-31,2900,7.25,5.26,1.85,0.03,-11
"88",2018-08-31,2018-08-31,2900,9.7,7.3,1.85,0.03,-15
"89",2018-08-31,2018-08-31,2900,13.54,11.2,1.85,0.03,-23
"90",2018-08-31,2018-08-31,2900,15.34,12.51,1.85,0.03,-26
"91",2018-08-31,2018-08-31,2900,17.61,15.35,1.85,0.03,-31
"92",2018-08-31,2018-08-31,2900,20.3,17.95,1.85,0.03,-36
"93",2018-08-31,2018-08-31,2900,21.25,19.2,1.85,0.03,-39
"94",2018-08-31,2018-08-31,2900,23.2,20.65,1.85,0.03,-42
"95",2018-08-31,2018-08-31,2900,24.86,22.55,1.85,0.03,-46
"96",2018-08-31,2018-08-31,2900,26.6,23.8,1.85,0.03,-49
"97",2018-08-31,2018-08-31,2900,28.36,25.7,1.85,0.03,-52
"98",2018-08-31,2018-08-31,2900,30.51,27.01,1.85,0.03,-56
"99",2018-08-31,2018-08-31,2900,31.35,28.05,1.85,0.03,-58
"100",2018-08-31,2018-08-31,2900,33.25,29.45,1.85,0.03,-61
"101",2018-08-31,2018-08-31,2900,34.5,31.1,1.85,0.03,-64
"102",2018-08-31,2018-08-31,2900,36.15,32.01,1.85,0.03,-66
"103",2018-08-31,2018-08-31,2900,39.2,34.75,1.85,0.03,-72
"104",2018-08-31,2018-08-31,2900,42.95,38.8,1.85,0.03,-80
"105",2018-08-31,2018-08-31,2900,48.24,42.31,1.85,0.03,-89
"106",2018-08-31,2018-08-31,2900,51.31,44.36,1.85,0.03,-94
"107",2018-08-31,2018-08-31,2900,52.2,45.9,1.85,0.03,-96
"108",2018-08-31,2018-08-31,2900,60.59,55.65,1.85,0.03,-114
"109",2018-08-31,2018-08-31,2900,68.9,62.91,1.85,0.03,-130
"110",2018-08-31,2018-08-31,2900,79.35,72.54,1.85,0.03,-150
"111",2018-08-31,2018-08-31,2900,80.2,72.79,1.85,0.03,-151
"112",2018-08-31,2018-08-31,2900,84.6,75,1.85,0.03,-158
"113",2018-08-31,2018-08-31,2900,93.5,81.6,1.85,0.03,-173
"114",2018-08-31,2018-08-31,2900,99.44,86,1.85,0.03,-184
"115",2018-08-31,2018-08-31,2900,117.3,102.7,1.85,0.03,-218
"116",2018-08-31,2018-08-31,2900,123.6,106.95,1.85,0.03,-229
"117",2018-08-31,2018-08-31,2900,154.15,131.76,1.85,0.03,-284
"118",2018-08-31,2018-08-31,2900,154.61,133.5,1.85,0.03,-286
"119",2018-08-31,2018-08-31,2900,184,153.76,1.85,0.03,-336
"120",2018-08-31,2018-08-31,2900,210,171.85,1.85,0.03,-380
"121",2018-08-31,2018-08-31,2900,259.26,205,1.85,0.03,-462
"122",2018-08-31,2018-08-31,2900,301.14,232.6,1.85,0.03,-532
"123",2018-10-31,2018-10-31,2710,5.29,0.78,5.29,0.78,0
"124",2018-10-31,2018-10-31,2710,21.1,18.7,5.29,0.78,-34
"125",2018-10-31,2018-10-31,2710,26.64,23.3,5.29,0.78,-44
"126",2018-10-31,2018-10-31,2710,35.85,33.89,5.29,0.78,-64
"127",2018-10-31,2018-10-31,2710,39.81,38.35,5.29,0.78,-72
"128",2018-10-31,2018-10-31,2710,41.05,40.76,5.29,0.78,-76
"129",2018-10-31,2018-10-31,2710,44.2,44.59,5.29,0.78,-83
"130",2018-10-31,2018-10-31,2710,47.2,44.9,5.29,0.78,-86
"131",2018-10-31,2018-10-31,2710,49.44,48.36,5.29,0.78,-92
"132",2018-10-31,2018-10-31,2710,51.85,50.3,5.29,0.78,-96
"133",2018-10-31,2018-10-31,2710,52.3,51.4,5.29,0.78,-98
"134",2018-10-31,2018-10-31,2710,52.8,52.75,5.29,0.78,-99
"135",2018-10-31,2018-10-31,2710,54.6,54.35,5.29,0.78,-103
"136",2018-10-31,2018-10-31,2710,57.8,56.5,5.29,0.78,-108
"137",2018-10-31,2018-10-31,2710,58.3,58.01,5.29,0.78,-110
"138",2018-10-31,2018-10-31,2710,63.21,60.34,5.29,0.78,-117
"139",2018-10-31,2018-10-31,2710,64.4,61.8,5.29,0.78,-120
"140",2018-10-31,2018-10-31,2710,68.5,66.5,5.29,0.78,-129
"141",2018-10-31,2018-10-31,2710,74.46,71.86,5.29,0.78,-140
"142",2018-10-31,2018-10-31,2710,76.55,72.6,5.29,0.78,-143
"143",2018-10-31,2018-10-31,2710,79.85,76.5,5.29,0.78,-150
"144",2018-10-31,2018-10-31,2710,82.75,77.35,5.29,0.78,-154
"145",2018-10-31,2018-10-31,2710,93.6,86,5.29,0.78,-174
"146",2018-10-31,2018-10-31,2710,100.89,93.61,5.29,0.78,-188
"147",2018-10-31,2018-10-31,2710,108.75,100.35,5.29,0.78,-203
"148",2018-10-31,2018-10-31,2710,112.6,105.8,5.29,0.78,-212
"149",2018-10-31,2018-10-31,2710,129.11,119.75,5.29,0.78,-243
"150",2018-10-31,2018-10-31,2710,195.15,166.85,5.29,0.78,-356
"151",2018-12-31,2018-12-31,2505,0.03,7.44,0.03,7.44,0
"152",2018-12-31,2018-12-31,2505,13.35,18.8,0.03,7.44,-25
"153",2018-12-31,2018-12-31,2505,25.9,31.7,0.03,7.44,-50
"154",2018-12-31,2018-12-31,2505,29.15,34.7,0.03,7.44,-56
"155",2018-12-31,2018-12-31,2505,34.15,41.7,0.03,7.44,-68
"156",2018-12-31,2018-12-31,2505,42.1,48.19,0.03,7.44,-83
"157",2018-12-31,2018-12-31,2505,43.6,50.91,0.03,7.44,-87
"158",2018-12-31,2018-12-31,2505,46.2,57.25,0.03,7.44,-96
"159",2018-12-31,2018-12-31,2505,50.29,55.89,0.03,7.44,-99
"160",2018-12-31,2018-12-31,2505,52.36,59.8,0.03,7.44,-105
"161",2018-12-31,2018-12-31,2505,55.11,59.54,0.03,7.44,-107
"162",2018-12-31,2018-12-31,2505,60.2,65.5,0.03,7.44,-118
"163",2018-12-31,2018-12-31,2505,64.15,66.85,0.03,7.44,-124
"164",2018-12-31,2018-12-31,2505,61.5,66.15,0.03,7.44,-120
"165",2018-12-31,2018-12-31,2505,65.05,69.3,0.03,7.44,-127
"166",2018-12-31,2018-12-31,2505,64.5,69.85,0.03,7.44,-127
"167",2018-12-31,2018-12-31,2505,65.1,70.69,0.03,7.44,-128
"168",2018-12-31,2018-12-31,2505,67.54,74.44,0.03,7.44,-135
"169",2018-12-31,2018-12-31,2505,69.4,77.15,0.03,7.44,-139
"170",2018-12-31,2018-12-31,2505,75.4,83.46,0.03,7.44,-151
"171",2018-12-31,2018-12-31,2505,85.2,90.44,0.03,7.44,-168
"172",2018-12-31,2018-12-31,2505,93.66,99.66,0.03,7.44,-186
"173",2018-12-31,2018-12-31,2505,102.25,109.6,0.03,7.44,-204
"174",2018-12-31,2018-12-31,2505,114.25,115.45,0.03,7.44,-222
"175",2019-02-28,2019-02-28,2785,0.86,1.12,0.86,1.12,0
"176",2019-02-28,2019-02-28,2785,7.15,6.7,0.86,1.12,-12
"177",2019-02-28,2019-02-28,2785,9.9,9.64,0.86,1.12,-18
"178",2019-02-28,2019-02-28,2785,14.3,14.2,0.86,1.12,-27
"179",2019-02-28,2019-02-28,2785,18.8,18.3,0.86,1.12,-35
"180",2019-02-28,2019-02-28,2785,20.7,20.05,0.86,1.12,-39
"181",2019-02-28,2019-02-28,2785,23.95,23.46,0.86,1.12,-45
"182",2019-02-28,2019-02-28,2785,25.59,25.34,0.86,1.12,-49
"183",2019-02-28,2019-02-28,2785,27.95,27.4,0.86,1.12,-53
"184",2019-02-28,2019-02-28,2785,30.65,29.95,0.86,1.12,-59
"185",2019-02-28,2019-02-28,2785,33.35,32.1,0.86,1.12,-63
"186",2019-02-28,2019-02-28,2785,34.19,32.99,0.86,1.12,-65
"187",2019-02-28,2019-02-28,2785,36.2,34.75,0.86,1.12,-69
"188",2019-02-28,2019-02-28,2785,38.5,37.15,0.86,1.12,-74
"189",2019-02-28,2019-02-28,2785,43.25,41.39,0.86,1.12,-83
"190",2019-02-28,2019-02-28,2785,47.7,45.2,0.86,1.12,-91
"191",2019-02-28,2019-02-28,2785,51.5,47.85,0.86,1.12,-97
"192",2019-02-28,2019-02-28,2785,56.34,51.84,0.86,1.12,-106
"193",2019-02-28,2019-02-28,2785,58.34,53.6,0.86,1.12,-110
"194",2019-02-28,2019-02-28,2785,61.56,56.3,0.86,1.12,-116
"195",2019-02-28,2019-02-28,2785,67.7,63.8,0.86,1.12,-130
"196",2019-02-28,2019-02-28,2785,85.65,79.9,0.86,1.12,-164
"197",2019-02-28,2019-02-28,2785,89.4,83.4,0.86,1.12,-171
"198",2019-04-30,2019-04-30,2945,1.73,0.03,1.73,0.03,0
"199",2019-04-30,2019-04-30,2945,8,6,1.73,0.03,-12
"200",2019-04-30,2019-04-30,2945,12.7,10.1,1.73,0.03,-21
"201",2019-04-30,2019-04-30,2945,14.85,12.46,1.73,0.03,-26
"202",2019-04-30,2019-04-30,2945,17.8,15.15,1.73,0.03,-31
"203",2019-04-30,2019-04-30,2945,20.16,18.45,1.73,0.03,-37
"204",2019-04-30,2019-04-30,2945,21.6,19.74,1.73,0.03,-40
"205",2019-04-30,2019-04-30,2945,24.16,22.7,1.73,0.03,-45
"206",2019-04-30,2019-04-30,2945,26,24.45,1.73,0.03,-49
"207",2019-04-30,2019-04-30,2945,27.2,25.6,1.73,0.03,-51
"208",2019-04-30,2019-04-30,2945,29.3,27.45,1.73,0.03,-55
"209",2019-04-30,2019-04-30,2945,31.8,29.35,1.73,0.03,-59
"210",2019-04-30,2019-04-30,2945,33.05,30.8,1.73,0.03,-62
"211",2019-04-30,2019-04-30,2945,33.8,31.7,1.73,0.03,-64
"212",2019-04-30,2019-04-30,2945,35.7,33.7,1.73,0.03,-68
"213",2019-04-30,2019-04-30,2945,40.7,37.89,1.73,0.03,-77
"214",2019-04-30,2019-04-30,2945,44.95,42.11,1.73,0.03,-85
"215",2019-04-30,2019-04-30,2945,50.36,45.99,1.73,0.03,-95
"216",2019-04-30,2019-04-30,2945,54.8,50.4,1.73,0.03,-103
"217",2019-04-30,2019-04-30,2945,58.25,53.51,1.73,0.03,-110
"218",2019-04-30,2019-04-30,2945,66.96,60.36,1.73,0.03,-126
"219",2019-04-30,2019-04-30,2945,81.15,73.8,1.73,0.03,-153
"220",2019-04-30,2019-04-30,2945,103.01,91.95,1.73,0.03,-193
"221",2019-06-28,2019-06-28,2940,2.76,0.15,2.76,0.15,0
"222",2019-06-28,2019-06-28,2940,19.34,16.01,2.76,0.15,-32
"223",2019-06-28,2019-06-28,2940,23.6,20.95,2.76,0.15,-42
"224",2019-06-28,2019-06-28,2940,26.95,25.1,2.76,0.15,-49
"225",2019-06-28,2019-06-28,2940,27.24,24.7,2.76,0.15,-49
"226",2019-06-28,2019-06-28,2940,30.4,27.66,2.76,0.15,-55
"227",2019-06-28,2019-06-28,2940,33.55,29.75,2.76,0.15,-60
"228",2019-06-28,2019-06-28,2940,35.25,31.1,2.76,0.15,-63
"229",2019-06-28,2019-06-28,2940,37.4,33.2,2.76,0.15,-68
"230",2019-06-28,2019-06-28,2940,39.06,35.66,2.76,0.15,-72
"231",2019-06-28,2019-06-28,2940,40.11,38.25,2.76,0.15,-75
"232",2019-06-28,2019-06-28,2940,42.14,40.14,2.76,0.15,-79
"233",2019-06-28,2019-06-28,2940,46.09,40.55,2.76,0.15,-84
"234",2019-06-28,2019-06-28,2940,47.3,41.75,2.76,0.15,-86
"235",2019-06-28,2019-06-28,2940,50.7,44.25,2.76,0.15,-92
"236",2019-06-28,2019-06-28,2940,52.66,46.25,2.76,0.15,-96
"237",2019-06-28,2019-06-28,2940,53.55,47.2,2.76,0.15,-98
"238",2019-06-28,2019-06-28,2940,56.5,51.75,2.76,0.15,-105
"239",2019-06-28,2019-06-28,2940,58.75,55.95,2.76,0.15,-112
"240",2019-06-28,2019-06-28,2940,64.6,59.75,2.76,0.15,-121
"241",2019-06-28,2019-06-28,2940,68.69,64.75,2.76,0.15,-131
"242",2019-06-28,2019-06-28,2940,80.65,74.85,2.76,0.15,-153
"243",2019-06-28,2019-06-28,2940,85.5,78.06,2.76,0.15,-161
"244",2019-06-28,2019-06-28,2940,94.05,87.75,2.76,0.15,-179
"245",2019-06-28,2019-06-28,2940,100.34,94,2.76,0.15,-191
"246",2019-06-28,2019-06-28,2940,110.2,105.6,2.76,0.15,-213
"247",2019-08-30,2019-08-30,2925,2.25,0.25,2.25,0.25,0
"248",2019-08-30,2019-08-30,2925,17.41,15.89,2.25,0.25,-31
"249",2019-08-30,2019-08-30,2925,20.8,19.74,2.25,0.25,-38
"250",2019-08-30,2019-08-30,2925,26.8,24.64,2.25,0.25,-49
"251",2019-08-30,2019-08-30,2925,29.4,29.6,2.25,0.25,-56
"252",2019-08-30,2019-08-30,2925,33.86,31.64,2.25,0.25,-63
"253",2019-08-30,2019-08-30,2925,37.55,35.55,2.25,0.25,-71
"254",2019-08-30,2019-08-30,2925,38.8,37.34,2.25,0.25,-74
"255",2019-08-30,2019-08-30,2925,43.01,41.45,2.25,0.25,-82
"256",2019-08-30,2019-08-30,2925,46.2,43.89,2.25,0.25,-88
"257",2019-08-30,2019-08-30,2925,47.8,45.75,2.25,0.25,-91
"258",2019-08-30,2019-08-30,2925,50.66,49.36,2.25,0.25,-98
"259",2019-08-30,2019-08-30,2925,53.05,51.75,2.25,0.25,-102
"260",2019-08-30,2019-08-30,2925,54.66,53.86,2.25,0.25,-106
"261",2019-08-30,2019-08-30,2925,57.85,55.84,2.25,0.25,-111
"262",2019-08-30,2019-08-30,2925,60.2,58.3,2.25,0.25,-116
"263",2019-08-30,2019-08-30,2925,59.65,59.05,2.25,0.25,-116
"264",2019-08-30,2019-08-30,2925,66.2,63.75,2.25,0.25,-127
"265",2019-08-30,2019-08-30,2925,71.55,68.34,2.25,0.25,-137
"266",2019-08-30,2019-08-30,2925,77.95,74.06,2.25,0.25,-150
"267",2019-08-30,2019-08-30,2925,82.3,78.25,2.25,0.25,-158
"268",2019-08-30,2019-08-30,2925,90.15,87.1,2.25,0.25,-175
"269",2019-08-30,2019-08-30,2925,97.6,95.5,2.25,0.25,-191
"270",2019-08-30,2019-08-30,2925,109.05,107,2.25,0.25,-214
"271",2019-08-30,2019-08-30,2925,114.15,112.15,2.25,0.25,-224
"272",2019-08-30,2019-08-30,2925,122.2,118.95,2.25,0.25,-239
"273",2019-08-30,2019-08-30,2925,129.5,124.7,2.25,0.25,-252
"274",2019-08-30,2019-08-30,2925,137.45,133.65,2.25,0.25,-269
"275",2019-08-30,2019-08-30,2925,148,144.75,2.25,0.25,-290
"276",2019-08-30,2019-08-30,2925,153.5,149.6,2.25,0.25,-301
"277",2019-08-30,2019-08-30,2925,178.2,175.1,2.25,0.25,-351
"278",2019-08-30,2019-08-30,2925,182.3,179.06,2.25,0.25,-359
"279",2019-08-30,2019-08-30,2925,200.75,203.1,2.25,0.25,-401
"280",2019-08-30,2019-08-30,2925,224.95,228.2,2.25,0.25,-451
"281",2019-08-30,2019-08-30,2925,261.4,271.8,2.25,0.25,-531
"282",2019-08-30,2019-08-30,2925,291.75,310.5,2.25,0.25,-600
"283",2019-10-31,2019-10-31,3040,0.08,4.75,0.08,4.75,0
"284",2019-10-31,2019-10-31,3040,5.94,8.75,0.08,4.75,-10
"285",2019-10-31,2019-10-31,3040,8.7,11.55,0.08,4.75,-15
"286",2019-10-31,2019-10-31,3040,12.14,15.2,0.08,4.75,-23
"287",2019-10-31,2019-10-31,3040,15.2,19.36,0.08,4.75,-30
"288",2019-10-31,2019-10-31,3040,17.65,20.94,0.08,4.75,-34
"289",2019-10-31,2019-10-31,3040,20.2,23.55,0.08,4.75,-39
"290",2019-10-31,2019-10-31,3040,22.35,26.4,0.08,4.75,-44
"291",2019-10-31,2019-10-31,3040,24.95,29.86,0.08,4.75,-50
"292",2019-10-31,2019-10-31,3040,27.05,32.05,0.08,4.75,-54
"293",2019-10-31,2019-10-31,3040,29.66,33.36,0.08,4.75,-58
"294",2019-10-31,2019-10-31,3040,30.09,35.75,0.08,4.75,-61
"295",2019-10-31,2019-10-31,3040,33.3,38.15,0.08,4.75,-67
"296",2019-10-31,2019-10-31,3040,33.6,38.91,0.08,4.75,-68
"297",2019-10-31,2019-10-31,3040,34.5,39.99,0.08,4.75,-70
"298",2019-10-31,2019-10-31,3040,36.9,42.34,0.08,4.75,-74
"299",2019-10-31,2019-10-31,3040,38.41,44.9,0.08,4.75,-78
"300",2019-10-31,2019-10-31,3040,44.44,50.1,0.08,4.75,-90
"301",2019-10-31,2019-10-31,3040,49.59,55.55,0.08,4.75,-100
"302",2019-10-31,2019-10-31,3040,53.7,59,0.08,4.75,-108
"303",2019-10-31,2019-10-31,3040,56.59,61.14,0.08,4.75,-113
"304",2019-10-31,2019-10-31,3040,58.2,63.09,0.08,4.75,-116
"305",2019-10-31,2019-10-31,3040,69.65,71.35,0.08,4.75,-136
"306",2019-10-31,2019-10-31,3040,78.3,79.45,0.08,4.75,-153
"307",2019-10-31,2019-10-31,3040,89.55,92.34,0.08,4.75,-177
"308",2019-10-31,2019-10-31,3040,92.44,97.34,0.08,4.75,-185
"309",2019-10-31,2019-10-31,3040,97.99,101.8,0.08,4.75,-195
"310",2019-10-31,2019-10-31,3040,110.1,113.35,0.08,4.75,-219
"311",2019-10-31,2019-10-31,3040,117.6,121.34,0.08,4.75,-234
"312",2019-12-31,2019-12-31,3230,0.22,0.4,0.22,0.4,0
"313",2019-12-31,2019-12-31,3230,10.65,11.7,0.22,0.4,-22
"314",2019-12-31,2019-12-31,3230,13.4,15.5,0.22,0.4,-28
"315",2019-12-31,2019-12-31,3230,17.3,17.7,0.22,0.4,-34
"316",2019-12-31,2019-12-31,3230,21,23.2,0.22,0.4,-44
"317",2019-12-31,2019-12-31,3230,23.35,24.34,0.22,0.4,-47
"318",2019-12-31,2019-12-31,3230,26.7,27.41,0.22,0.4,-53
"319",2019-12-31,2019-12-31,3230,30.1,28.75,0.22,0.4,-58
"320",2019-12-31,2019-12-31,3230,31.9,31.9,0.22,0.4,-63
"321",2019-12-31,2019-12-31,3230,32.6,32.9,0.22,0.4,-65
"322",2019-12-31,2019-12-31,3230,35.91,35.15,0.22,0.4,-70
"323",2019-12-31,2019-12-31,3230,36.9,37.35,0.22,0.4,-74
"324",2019-12-31,2019-12-31,3230,41.05,39.25,0.22,0.4,-80
"325",2019-12-31,2019-12-31,3230,43.25,41.61,0.22,0.4,-84
"326",2019-12-31,2019-12-31,3230,45.16,42.9,0.22,0.4,-87
"327",2019-12-31,2019-12-31,3230,47.65,44.75,0.22,0.4,-92
"328",2019-12-31,2019-12-31,3230,49.45,48.2,0.22,0.4,-97
"329",2019-12-31,2019-12-31,3230,53.8,52.55,0.22,0.4,-106
"330",2019-12-31,2019-12-31,3230,57.09,56.35,0.22,0.4,-113
"331",2019-12-31,2019-12-31,3230,61.95,61.6,0.22,0.4,-123
"332",2019-12-31,2019-12-31,3230,69.4,68.7,0.22,0.4,-137
"333",2019-12-31,2019-12-31,3230,78.35,77.6,0.22,0.4,-155
"334",2019-12-31,2019-12-31,3230,84.2,83.56,0.22,0.4,-167
"335",2019-12-31,2019-12-31,3230,93.14,92.85,0.22,0.4,-185
"336",2019-12-31,2019-12-31,3230,101.6,99,0.22,0.4,-200
"337",2019-12-31,2019-12-31,3230,107.16,106.95,0.22,0.4,-213
"338",2019-12-31,2019-12-31,3230,113.96,112.81,0.22,0.4,-226
"339",2020-02-28,2020-02-28,2955,0.2,6.6,0.2,6.6,0
"340",2020-02-28,2020-02-28,2955,48.41,61.55,0.2,6.6,-103
"341",2020-02-28,2020-02-28,2955,76.31,81.25,0.2,6.6,-151
"342",2020-02-28,2020-02-28,2955,88.65,96.19,0.2,6.6,-178
"343",2020-02-28,2020-02-28,2955,89.6,102.6,0.2,6.6,-185
"344",2020-02-28,2020-02-28,2955,103.31,105.15,0.2,6.6,-202
"345",2020-02-28,2020-02-28,2955,106.65,113.9,0.2,6.6,-214
"346",2020-02-28,2020-02-28,2955,106.9,123.9,0.2,6.6,-224
"347",2020-02-28,2020-02-28,2955,109.96,122.4,0.2,6.6,-226
"348",2020-02-28,2020-02-28,2955,115.39,120.45,0.2,6.6,-229
"349",2020-02-28,2020-02-28,2955,113.35,134.1,0.2,6.6,-241
"350",2020-02-28,2020-02-28,2955,123.4,137.05,0.2,6.6,-254
"351",2020-02-28,2020-02-28,2955,128.15,140.7,0.2,6.6,-262
"352",2020-02-28,2020-02-28,2955,122.84,139.5,0.2,6.6,-256
"353",2020-02-28,2020-02-28,2955,128.1,135.6,0.2,6.6,-257
"354",2020-02-28,2020-02-28,2955,130.05,140.8,0.2,6.6,-264
"355",2020-02-28,2020-02-28,2955,134.96,138.25,0.2,6.6,-266
"356",2020-02-28,2020-02-28,2955,136.29,147.4,0.2,6.6,-277
"357",2020-02-28,2020-02-28,2955,131.26,152.15,0.2,6.6,-277
"358",2020-02-28,2020-02-28,2955,140.35,155.95,0.2,6.6,-290
"359",2020-02-28,2020-02-28,2955,142.35,154.3,0.2,6.6,-290
"360",2020-02-28,2020-02-28,2955,150.7,164.05,0.2,6.6,-308
"361",2020-02-28,2020-02-28,2955,152.6,163.3,0.2,6.6,-309
"362",2020-02-28,2020-02-28,2955,163.15,179.39,0.2,6.6,-336
"363",2020-02-28,2020-02-28,2955,165.85,193.2,0.2,6.6,-352
"364",2020-04-30,2020-04-30,2910,6.09,4.03,6.09,4.03,0
"365",2020-04-30,2020-04-30,2910,19.9,19.16,6.09,4.03,-29
"366",2020-04-30,2020-04-30,2910,32.75,27.7,6.09,4.03,-50
"367",2020-04-30,2020-04-30,2910,42.95,40.44,6.09,4.03,-73
"368",2020-04-30,2020-04-30,2910,46.8,47.3,6.09,4.03,-84
"369",2020-04-30,2020-04-30,2910,55.39,55.45,6.09,4.03,-101
"370",2020-04-30,2020-04-30,2910,61.89,60,6.09,4.03,-112
"371",2020-04-30,2020-04-30,2910,66.44,65.4,6.09,4.03,-122
"372",2020-04-30,2020-04-30,2910,70.5,71,6.09,4.03,-131
"373",2020-04-30,2020-04-30,2910,76.21,77.15,6.09,4.03,-143
"374",2020-04-30,2020-04-30,2910,81.75,82.3,6.09,4.03,-154
"375",2020-04-30,2020-04-30,2910,85.1,85.3,6.09,4.03,-160
"376",2020-04-30,2020-04-30,2910,86.5,87.25,6.09,4.03,-164
"377",2020-04-30,2020-04-30,2910,91.64,93.1,6.09,4.03,-175
"378",2020-04-30,2020-04-30,2910,103.25,105,6.09,4.03,-198
"379",2020-04-30,2020-04-30,2910,111.75,117.9,6.09,4.03,-220
"380",2020-04-30,2020-04-30,2910,119.84,127.1,6.09,4.03,-237
"381",2020-04-30,2020-04-30,2910,132.11,135.15,6.09,4.03,-257
"382",2020-04-30,2020-04-30,2910,135.1,139.05,6.09,4.03,-264
"383",2020-04-30,2020-04-30,2910,152.1,157.5,6.09,4.03,-299
"384",2020-04-30,2020-04-30,2910,165.7,173.8,6.09,4.03,-329
"385",2020-04-30,2020-04-30,2910,180.2,191.05,6.09,4.03,-361
"386",2020-04-30,2020-04-30,2910,185.35,201.5,6.09,4.03,-377
"387",2020-04-30,2020-04-30,2910,207.76,222.24,6.09,4.03,-420
"388",2020-06-30,2020-06-30,3100,1.63,0.34,1.63,0.34,0
"389",2020-06-30,2020-06-30,3100,18.75,15.99,1.63,0.34,-33
"390",2020-06-30,2020-06-30,3100,25.25,22.75,1.63,0.34,-46
"391",2020-06-30,2020-06-30,3100,35.55,33.25,1.63,0.34,-67
"392",2020-06-30,2020-06-30,3100,41.95,41.7,1.63,0.34,-82
"393",2020-06-30,2020-06-30,3100,50.1,51.15,1.63,0.34,-99
"394",2020-06-30,2020-06-30,3100,60.75,54.84,1.63,0.34,-114
"395",2020-06-30,2020-06-30,3100,58.6,61,1.63,0.34,-118
"396",2020-06-30,2020-06-30,3100,62.3,64.25,1.63,0.34,-125
"397",2020-06-30,2020-06-30,3100,69.61,68.4,1.63,0.34,-136
"398",2020-06-30,2020-06-30,3100,72.46,70.85,1.63,0.34,-141
"399",2020-06-30,2020-06-30,3100,76.19,77.2,1.63,0.34,-151
"400",2020-06-30,2020-06-30,3100,78.86,78.1,1.63,0.34,-155
"401",2020-06-30,2020-06-30,3100,82.6,87,1.63,0.34,-168
"402",2020-06-30,2020-06-30,3100,89.2,88.2,1.63,0.34,-175
"403",2020-06-30,2020-06-30,3100,96.9,98.64,1.63,0.34,-194
"404",2020-06-30,2020-06-30,3100,104.45,109.25,1.63,0.34,-212
"405",2020-06-30,2020-06-30,3100,110.34,117.2,1.63,0.34,-226
"406",2020-06-30,2020-06-30,3100,121.1,130.65,1.63,0.34,-250
"407",2020-06-30,2020-06-30,3100,139.5,151.05,1.63,0.34,-289
"408",2020-06-30,2020-06-30,3100,152.05,162.2,1.63,0.34,-312
"409",2020-06-30,2020-06-30,3100,163.8,177.8,1.63,0.34,-340
"410",2020-06-30,2020-06-30,3100,175.64,189.25,1.63,0.34,-363
"411",2020-06-30,2020-06-30,3100,195.96,212.7,1.63,0.34,-407
"412",2020-06-30,2020-06-30,3100,201.05,216.5,1.63,0.34,-416
"413",2020-06-30,2020-06-30,3100,208.15,231.35,1.63,0.34,-438
"414",2020-06-30,2020-06-30,3100,217.99,236.5,1.63,0.34,-453
"415",2020-06-30,2020-06-30,3100,224.4,244.8,1.63,0.34,-467
"416",2020-06-30,2020-06-30,3100,248.2,273.4,1.63,0.34,-520
"417",2020-06-30,2020-06-30,3100,251.8,279.6,1.63,0.34,-529
"418",2020-06-30,2020-06-30,3100,276,313.2,1.63,0.34,-587
"419",2020-06-30,2020-06-30,3100,281.05,314.35,1.63,0.34,-593
"420",2020-06-30,2020-06-30,3100,300.6,344.8,1.63,0.34,-643
"421",2020-06-30,2020-06-30,3100,332.45,376.6,1.63,0.34,-707
"422",2020-06-30,2020-06-30,3100,360.45,428,1.63,0.34,-786
"423",2020-06-30,2020-06-30,3100,378.1,467.14,1.63,0.34,-843
"424",2020-08-31,2020-08-31,3500,6.3,0.02,6.3,0.02,0
"425",2020-08-31,2020-08-31,3500,20.6,14.61,6.3,0.02,-29
"426",2020-08-31,2020-08-31,3500,27.55,23.41,6.3,0.02,-45
"427",2020-08-31,2020-08-31,3500,32.9,28.95,6.3,0.02,-56
"428",2020-08-31,2020-08-31,3500,37.44,32.5,6.3,0.02,-64
"429",2020-08-31,2020-08-31,3500,43.75,36.44,6.3,0.02,-74
"430",2020-08-31,2020-08-31,3500,45.25,43.7,6.3,0.02,-83
"431",2020-08-31,2020-08-31,3500,52.95,50.49,6.3,0.02,-97
"432",2020-08-31,2020-08-31,3500,57.36,55.55,6.3,0.02,-107
"433",2020-08-31,2020-08-31,3500,61.65,58.05,6.3,0.02,-113
"434",2020-08-31,2020-08-31,3500,65.5,63.99,6.3,0.02,-123
"435",2020-08-31,2020-08-31,3500,70,68.46,6.3,0.02,-132
"436",2020-08-31,2020-08-31,3500,73.5,73.5,6.3,0.02,-141
"437",2020-08-31,2020-08-31,3500,77.04,76.05,6.3,0.02,-147
"438",2020-08-31,2020-08-31,3500,81.34,80.65,6.3,0.02,-156
"439",2020-08-31,2020-08-31,3500,90.34,91.4,6.3,0.02,-175
"440",2020-08-31,2020-08-31,3500,98.1,99.44,6.3,0.02,-191
"441",2020-08-31,2020-08-31,3500,118.55,119.75,6.3,0.02,-232
"442",2020-08-31,2020-08-31,3500,119.86,119.95,6.3,0.02,-233
"443",2020-08-31,2020-08-31,3500,131.44,133.24,6.3,0.02,-258
"444",2020-08-31,2020-08-31,3500,154.05,157.7,6.3,0.02,-305
"445",2020-08-31,2020-08-31,3500,161.95,165.6,6.3,0.02,-321
"446",2020-08-31,2020-08-31,3500,183.56,191.44,6.3,0.02,-369
"447",2020-08-31,2020-08-31,3500,192.24,200.25,6.3,0.02,-386
"448",2020-08-31,2020-08-31,3500,201.59,211.06,6.3,0.02,-406
"449",2020-08-31,2020-08-31,3500,211.61,221.14,6.3,0.02,-426
"450",2020-08-31,2020-08-31,3500,220.35,234.86,6.3,0.02,-449
"451",2020-08-31,2020-08-31,3500,237.26,252.15,6.3,0.02,-483
"452",2020-08-31,2020-08-31,3500,244.39,260.75,6.3,0.02,-499
"453",2020-08-31,2020-08-31,3500,274.71,301.3,6.3,0.02,-570
"454",2020-08-31,2020-08-31,3500,280.15,305.45,6.3,0.02,-579
"455",2020-08-31,2020-08-31,3500,305.7,341.8,6.3,0.02,-641
"456",2020-08-31,2020-08-31,3500,332,377.3,6.3,0.02,-703
"457",2020-08-31,2020-08-31,3500,376.45,439.5,6.3,0.02,-810
"458",2020-08-31,2020-08-31,3500,414,493,6.3,0.02,-901
"459",2020-10-30,2020-10-30,3270,0.24,3.74,0.24,3.74,0
"460",2020-10-30,2020-10-30,3270,29.6,32.5,0.24,3.74,-58
"461",2020-10-30,2020-10-30,3270,57.44,64.1,0.24,3.74,-118
"462",2020-10-30,2020-10-30,3270,70.96,75.05,0.24,3.74,-142
"463",2020-10-30,2020-10-30,3270,81.75,86.25,0.24,3.74,-164
"464",2020-10-30,2020-10-30,3270,88.45,95,0.24,3.74,-179
"465",2020-10-30,2020-10-30,3270,89.4,97.24,0.24,3.74,-183
"466",2020-10-30,2020-10-30,3270,94.6,107.15,0.24,3.74,-198
"467",2020-10-30,2020-10-30,3270,97.05,114.65,0.24,3.74,-208
"468",2020-10-30,2020-10-30,3270,102.46,111.6,0.24,3.74,-210
"469",2020-10-30,2020-10-30,3270,106.66,118.75,0.24,3.74,-221
"470",2020-10-30,2020-10-30,3270,115.65,126.45,0.24,3.74,-238
"471",2020-10-30,2020-10-30,3270,111.2,129.7,0.24,3.74,-237
"472",2020-10-30,2020-10-30,3270,114.75,135.01,0.24,3.74,-246
"473",2020-10-30,2020-10-30,3270,124.25,142.8,0.24,3.74,-263
"474",2020-10-30,2020-10-30,3270,137.25,154.1,0.24,3.74,-287
"475",2020-10-30,2020-10-30,3270,145.11,157.4,0.24,3.74,-299
"476",2020-10-30,2020-10-30,3270,156.95,178.65,0.24,3.74,-332
"477",2020-10-30,2020-10-30,3270,173.6,192.4,0.24,3.74,-362
"478",2020-10-30,2020-10-30,3270,182.55,206.5,0.24,3.74,-385
"479",2020-10-30,2020-10-30,3270,196,217.95,0.24,3.74,-410
"480",2020-10-30,2020-10-30,3270,202.05,227.95,0.24,3.74,-426
"481",2020-10-30,2020-10-30,3270,211,241.61,0.24,3.74,-449
"482",2020-10-30,2020-10-30,3270,218,242.8,0.24,3.74,-457
"483",2020-10-30,2020-10-30,3270,225.9,257.65,0.24,3.74,-480
"484",2020-12-31,2020-12-31,3755,2.15,0.3,2.15,0.3,0
"485",2020-12-31,2020-12-31,3755,17.45,14.5,2.15,0.3,-30
"486",2020-12-31,2020-12-31,3755,31.16,27.26,2.15,0.3,-56
"487",2020-12-31,2020-12-31,3755,36.74,34.6,2.15,0.3,-69
"488",2020-12-31,2020-12-31,3755,40.9,40.7,2.15,0.3,-79
"489",2020-12-31,2020-12-31,3755,45.9,44.44,2.15,0.3,-88
"490",2020-12-31,2020-12-31,3755,50.15,48.8,2.15,0.3,-97
"491",2020-12-31,2020-12-31,3755,55.65,54.39,2.15,0.3,-108
"492",2020-12-31,2020-12-31,3755,57.89,56.6,2.15,0.3,-112
"493",2020-12-31,2020-12-31,3755,61.91,62.15,2.15,0.3,-122
"494",2020-12-31,2020-12-31,3755,65.35,64.9,2.15,0.3,-128
"495",2020-12-31,2020-12-31,3755,69.96,68.96,2.15,0.3,-136
"496",2020-12-31,2020-12-31,3755,73.8,73.31,2.15,0.3,-145
"497",2020-12-31,2020-12-31,3755,84.06,84.4,2.15,0.3,-166
"498",2020-12-31,2020-12-31,3755,90.86,94.09,2.15,0.3,-182
"499",2020-12-31,2020-12-31,3755,98.3,101.3,2.15,0.3,-197
"500",2020-12-31,2020-12-31,3755,107.25,110.75,2.15,0.3,-216
"501",2020-12-31,2020-12-31,3755,127.84,134.35,2.15,0.3,-260
"502",2020-12-31,2020-12-31,3755,138.56,145.4,2.15,0.3,-282
"503",2021-02-25,2021-02-26,3830,28.36,26.3,NA,NA,NA
"504",2021-02-25,2021-02-26,3830,41.55,39.2,NA,NA,NA
"505",2021-02-25,2021-02-26,3830,55,52,NA,NA,NA
"506",2021-02-25,2021-02-26,3830,63.3,60.5,NA,NA,NA
"507",2021-02-25,2021-02-26,3830,68.4,66.76,NA,NA,NA
"508",2021-02-25,2021-02-26,3830,74.05,71.8,NA,NA,NA
"509",2021-02-25,2021-02-26,3830,78.54,75.9,NA,NA,NA
"510",2021-02-25,2021-02-26,3830,80.9,80.45,NA,NA,NA
"511",2021-02-25,2021-02-26,3830,86.1,85.04,NA,NA,NA
"512",2021-02-25,2021-02-26,3830,88,88.85,NA,NA,NA
"513",2021-02-25,2021-02-26,3830,92.15,92.9,NA,NA,NA
"514",2021-02-25,2021-02-26,3830,96.95,98.21,NA,NA,NA
"515",2021-02-25,2021-02-26,3830,99.75,100.9,NA,NA,NA
"516",2021-02-25,2021-02-26,3830,107.35,106.75,NA,NA,NA
"517",2021-02-25,2021-02-26,3830,110.25,109.35,NA,NA,NA
"518",2021-02-25,2021-02-26,3830,119.45,120.34,NA,NA,NA
"519",2021-02-25,2021-02-26,3830,126.55,130.45,NA,NA,NA
"520",2021-02-25,2021-02-26,3830,147.25,151,NA,NA,NA
"521",2021-02-25,2021-02-26,3830,168,174.75,NA,NA,NA
"522",2021-02-25,2021-02-26,3830,174.76,182.65,NA,NA,NA
"523",2021-02-25,2021-02-26,3830,192.34,203.5,NA,NA,NA
"524",2021-02-25,2021-02-26,3830,202.39,215.05,NA,NA,NA
"525",2021-02-25,2021-02-26,3830,216.5,227.74,NA,NA,NA
"526",2021-02-25,2021-02-26,3830,227.9,242.14,NA,NA,NA
"527",2021-02-25,2021-02-26,3830,241.15,258.64,NA,NA,NA
"528",2021-04-30,2021-04-30,4180,1.1,1.06,1.1,1.06,0
"529",2021-04-30,2021-04-30,4180,12.8,12.15,1.1,1.06,-23
"530",2021-04-30,2021-04-30,4180,22.05,21.05,1.1,1.06,-41
"531",2021-04-30,2021-04-30,4180,28.95,29.84,1.1,1.06,-57
"532",2021-04-30,2021-04-30,4180,31.15,31.8,1.1,1.06,-61
"533",2021-04-30,2021-04-30,4180,37.99,38.05,1.1,1.06,-74
"534",2021-04-30,2021-04-30,4180,42.35,43.85,1.1,1.06,-84
"535",2021-04-30,2021-04-30,4180,45.9,48.95,1.1,1.06,-93
"536",2021-04-30,2021-04-30,4180,50.24,52.75,1.1,1.06,-101
"537",2021-04-30,2021-04-30,4180,54.66,56.55,1.1,1.06,-109
"538",2021-04-30,2021-04-30,4180,57.45,61.9,1.1,1.06,-117
"539",2021-04-30,2021-04-30,4180,61.55,64.75,1.1,1.06,-124
"540",2021-04-30,2021-04-30,4180,65.84,69.81,1.1,1.06,-133
"541",2021-04-30,2021-04-30,4180,68.96,72.05,1.1,1.06,-139
"542",2021-04-30,2021-04-30,4180,74.3,76.75,1.1,1.06,-149
"543",2021-04-30,2021-04-30,4180,82.25,87.05,1.1,1.06,-167
"544",2021-04-30,2021-04-30,4180,90.15,96.04,1.1,1.06,-184
"545",2021-04-30,2021-04-30,4180,98.6,104.94,1.1,1.06,-201
"546",2021-04-30,2021-04-30,4180,102.66,110.6,1.1,1.06,-211
"547",2021-04-30,2021-04-30,4180,117.44,126.7,1.1,1.06,-242
"548",2021-04-30,2021-04-30,4180,132.95,142.35,1.1,1.06,-273
"549",2021-04-30,2021-04-30,4180,148.3,160.64,1.1,1.06,-307
"550",2021-04-30,2021-04-30,4180,155.89,171.1,1.1,1.06,-325
"551",2021-04-30,2021-04-30,4180,168.65,184.75,1.1,1.06,-351
"552",2021-04-30,2021-04-30,4180,177.16,196.66,1.1,1.06,-372
"553",2021-04-30,2021-04-30,4180,188.35,204.65,1.1,1.06,-391
"554",2021-06-30,2021-06-30,4295,3.9,0.22,3.9,0.22,0
"555",2021-06-30,2021-06-30,4295,14.1,9.51,3.9,0.22,-19
"556",2021-06-30,2021-06-30,4295,16.56,12.96,3.9,0.22,-25
"557",2021-06-30,2021-06-30,4295,19.1,16.1,3.9,0.22,-31
"558",2021-06-30,2021-06-30,4295,23.79,21.2,3.9,0.22,-41
"559",2021-06-30,2021-06-30,4295,26.85,24.2,3.9,0.22,-47
"560",2021-06-30,2021-06-30,4295,31.3,29.05,3.9,0.22,-56
"561",2021-06-30,2021-06-30,4295,33.91,32.06,3.9,0.22,-62
"562",2021-06-30,2021-06-30,4295,38,35.7,3.9,0.22,-70
"563",2021-06-30,2021-06-30,4295,41.65,39.5,3.9,0.22,-77
"564",2021-06-30,2021-06-30,4295,45.6,43,3.9,0.22,-84
"565",2021-06-30,2021-06-30,4295,47.9,45.3,3.9,0.22,-89
"566",2021-06-30,2021-06-30,4295,51.9,49.8,3.9,0.22,-98
"567",2021-06-30,2021-06-30,4295,55.3,53.95,3.9,0.22,-105
"568",2021-06-30,2021-06-30,4295,62.2,62.05,3.9,0.22,-120
"569",2021-06-30,2021-06-30,4295,89.25,91.9,3.9,0.22,-177
"570",2021-06-30,2021-06-30,4295,103.9,109.35,3.9,0.22,-209
"571",2021-06-30,2021-06-30,4295,115.95,122.95,3.9,0.22,-235
"572",2021-06-30,2021-06-30,4295,182.4,197.9,3.9,0.22,-376
"573",2021-08-30,2021-08-30,4530,0.08,1.21,0.08,1.21,0
"574",2021-08-30,2021-08-30,4530,6.15,7.85,0.08,1.21,-13
"575",2021-08-30,2021-08-30,4530,9.2,11.2,0.08,1.21,-19
"576",2021-08-30,2021-08-30,4530,14.5,17.2,0.08,1.21,-30
"577",2021-08-30,2021-08-30,4530,17.76,20.6,0.08,1.21,-37
"578",2021-08-30,2021-08-30,4530,20.15,23.15,0.08,1.21,-42
"579",2021-08-30,2021-08-30,4530,24.91,28.4,0.08,1.21,-52
"580",2021-08-30,2021-08-30,4530,28.1,31.4,0.08,1.21,-58
"581",2021-08-30,2021-08-30,4530,31.7,36.61,0.08,1.21,-67
"582",2021-08-30,2021-08-30,4530,35.45,39.9,0.08,1.21,-74
"583",2021-08-30,2021-08-30,4530,38.86,43.55,0.08,1.21,-81
"584",2021-08-30,2021-08-30,4530,44.15,48.75,0.08,1.21,-92
"585",2021-08-30,2021-08-30,4530,47.8,52.8,0.08,1.21,-99
"586",2021-08-30,2021-08-30,4530,50.75,55.55,0.08,1.21,-105
"587",2021-08-30,2021-08-30,4530,55.8,61.49,0.08,1.21,-116
"588",2021-08-30,2021-08-30,4530,57.7,63.3,0.08,1.21,-120
"589",2021-08-30,2021-08-30,4530,67,74.06,0.08,1.21,-140
"590",2021-08-30,2021-08-30,4530,75.54,82.55,0.08,1.21,-157
"591",2021-08-30,2021-08-30,4530,93.05,101,0.08,1.21,-193
"592",2021-08-30,2021-08-30,4530,114.55,125.8,0.08,1.21,-239
"593",2021-08-30,2021-08-30,4530,124.25,136.55,0.08,1.21,-260
"594",2021-08-30,2021-08-30,4530,141.69,156,0.08,1.21,-296
"595",2021-08-30,2021-08-30,4530,155.05,168.34,0.08,1.21,-322
"596",2021-08-30,2021-08-30,4530,172.6,186.55,0.08,1.21,-358
"597",2021-08-30,2021-08-30,4530,180.8,195.05,0.08,1.21,-375
"598",2021-08-30,2021-08-30,4530,194.3,212.5,0.08,1.21,-406
"599",2021-10-29,2021-10-29,4605,0.95,0.28,0.95,0.28,0
"600",2021-10-29,2021-10-29,4605,11,11.2,0.95,0.28,-21
"601",2021-10-29,2021-10-29,4605,21.75,20.9,0.95,0.28,-41
"602",2021-10-29,2021-10-29,4605,27.65,28.85,0.95,0.28,-55
"603",2021-10-29,2021-10-29,4605,30.7,32.85,0.95,0.28,-62
"604",2021-10-29,2021-10-29,4605,35.7,37.35,0.95,0.28,-72
"605",2021-10-29,2021-10-29,4605,40.1,43.4,0.95,0.28,-82
"606",2021-10-29,2021-10-29,4605,43.1,45.55,0.95,0.28,-87
"607",2021-10-29,2021-10-29,4605,46.8,51.45,0.95,0.28,-97
"608",2021-10-29,2021-10-29,4605,49.95,54.75,0.95,0.28,-103
"609",2021-10-29,2021-10-29,4605,53,58.4,0.95,0.28,-110
"610",2021-10-29,2021-10-29,4605,57.3,62.2,0.95,0.28,-118
"611",2021-10-29,2021-10-29,4605,59.4,63.9,0.95,0.28,-122
"612",2021-10-29,2021-10-29,4605,62.5,68.8,0.95,0.28,-130
"613",2021-10-29,2021-10-29,4605,68.9,75.5,0.95,0.28,-143
"614",2021-10-29,2021-10-29,4605,86.55,95.55,0.95,0.28,-181
"615",2021-10-29,2021-10-29,4605,103.65,111.55,0.95,0.28,-214
"616",2021-10-29,2021-10-29,4605,125.75,133.1,0.95,0.28,-258
"617",2021-10-29,2021-10-29,4605,136,143.8,0.95,0.28,-279
"618",2021-10-29,2021-10-29,4605,153.65,163.6,0.95,0.28,-316
"619",2021-10-29,2021-10-29,4605,189.1,203.1,0.95,0.28,-391
"620",2021-12-31,2021-12-31,4765,5.4,0.5,5.4,0.5,0
"621",2021-12-31,2021-12-31,4765,15.7,13,5.4,0.5,-23
"622",2021-12-31,2021-12-31,4765,23.85,21.3,5.4,0.5,-39
"623",2021-12-31,2021-12-31,4765,29.65,28.25,5.4,0.5,-52
"624",2021-12-31,2021-12-31,4765,34.2,32.5,5.4,0.5,-61
"625",2021-12-31,2021-12-31,4765,40.1,38.4,5.4,0.5,-73
"626",2021-12-31,2021-12-31,4765,45.7,44.2,5.4,0.5,-84
"627",2021-12-31,2021-12-31,4765,49,47.6,5.4,0.5,-91
"628",2021-12-31,2021-12-31,4765,51.45,50.45,5.4,0.5,-96
"629",2021-12-31,2021-12-31,4765,55.75,54.05,5.4,0.5,-104
"630",2021-12-31,2021-12-31,4765,59.05,58.6,5.4,0.5,-112
"631",2021-12-31,2021-12-31,4765,64.85,63.15,5.4,0.5,-122
"632",2021-12-31,2021-12-31,4765,68.6,67.65,5.4,0.5,-130
"633",2021-12-31,2021-12-31,4765,70.75,70.45,5.4,0.5,-135
"634",2021-12-31,2021-12-31,4765,78.6,78.35,5.4,0.5,-151
"635",2021-12-31,2021-12-31,4765,95.75,98.2,5.4,0.5,-188
"636",2021-12-31,2021-12-31,4765,106.05,110,5.4,0.5,-210
"637",2021-12-31,2021-12-31,4765,129.3,135.7,5.4,0.5,-259
"638",2021-12-31,2021-12-31,4765,144.2,151.6,5.4,0.5,-290
"639",2021-12-31,2021-12-31,4765,159.4,167.35,5.4,0.5,-321
"640",2021-12-31,2021-12-31,4765,230.25,243.65,5.4,0.5,-468
"641",2022-02-28,2022-02-28,4375,0.82,5.22,0.82,5.22,0
"642",2022-02-28,2022-02-28,4375,36.75,41.45,0.82,5.22,-72
"643",2022-02-28,2022-02-28,4375,52.05,57,0.82,5.22,-103
"644",2022-02-28,2022-02-28,4375,58.6,64.6,0.82,5.22,-117
"645",2022-02-28,2022-02-28,4375,66.4,73.25,0.82,5.22,-134
"646",2022-02-28,2022-02-28,4375,75.3,82.5,0.82,5.22,-152
"647",2022-02-28,2022-02-28,4375,79.1,87.25,0.82,5.22,-160
"648",2022-02-28,2022-02-28,4375,90.05,98.15,0.82,5.22,-182
"649",2022-02-28,2022-02-28,4375,94.9,103.15,0.82,5.22,-192
"650",2022-02-28,2022-02-28,4375,99.25,108.3,0.82,5.22,-202
"651",2022-02-28,2022-02-28,4375,105.55,114.2,0.82,5.22,-214
"652",2022-02-28,2022-02-28,4375,110.25,119.3,0.82,5.22,-224
"653",2022-02-28,2022-02-28,4375,120.75,130.35,0.82,5.22,-245
"654",2022-02-28,2022-02-28,4375,123,132.65,0.82,5.22,-250
"655",2022-02-28,2022-02-28,4375,131.45,143.8,0.82,5.22,-269
"656",2022-02-28,2022-02-28,4375,140.15,150.7,0.82,5.22,-285
"657",2022-02-28,2022-02-28,4375,159.75,169.55,0.82,5.22,-323
"658",2022-02-28,2022-02-28,4375,181.7,196,0.82,5.22,-372
"659",2022-02-28,2022-02-28,4375,191.95,205.55,0.82,5.22,-391
"660",2022-02-28,2022-02-28,4375,208.35,225.05,0.82,5.22,-427
"661",2022-02-28,2022-02-28,4375,219.5,235.75,0.82,5.22,-449
"662",2022-02-28,2022-02-28,4375,232.85,248.65,0.82,5.22,-475
"663",2022-02-28,2022-02-28,4375,245.1,261.5,0.82,5.22,-501
"664",2022-02-28,2022-02-28,4375,260.1,278.3,0.82,5.22,-532
"665",2022-02-28,2022-02-28,4375,279.05,297.4,0.82,5.22,-570
"666",2022-02-28,2022-02-28,4375,290.15,306.7,0.82,5.22,-591
"667",2022-02-28,2022-02-28,4375,302.9,319.8,0.82,5.22,-617
"668",2022-02-28,2022-02-28,4375,320.95,338.1,0.82,5.22,-653
"669",2022-02-28,2022-02-28,4375,337,352.85,0.82,5.22,-684
"670",2022-02-28,2022-02-28,4375,345.7,356.5,0.82,5.22,-696
"671",2022-02-28,2022-02-28,4375,373.05,380.9,0.82,5.22,-748
"672",2022-02-28,2022-02-28,4375,385.7,391.95,0.82,5.22,-772
"673",2022-02-28,2022-02-28,4375,430.25,429.25,0.82,5.22,-853
"674",2022-02-28,2022-02-28,4375,506.65,485.9,0.82,5.22,-986
"675",2022-04-29,2022-04-29,4130,1.45,4.35,1.45,4.35,0
"676",2022-04-29,2022-04-29,4130,37.85,38.15,1.45,4.35,-70
"677",2022-04-29,2022-04-29,4130,49.75,49.95,1.45,4.35,-94
"678",2022-04-29,2022-04-29,4130,62,62.05,1.45,4.35,-118
"679",2022-04-29,2022-04-29,4130,75.2,76.05,1.45,4.35,-145
"680",2022-04-29,2022-04-29,4130,81.95,83.6,1.45,4.35,-160
"681",2022-04-29,2022-04-29,4130,87.8,88.9,1.45,4.35,-171
"682",2022-04-29,2022-04-29,4130,92.4,93.2,1.45,4.35,-180
"683",2022-04-29,2022-04-29,4130,99.2,101.9,1.45,4.35,-195
"684",2022-04-29,2022-04-29,4130,104.05,106.5,1.45,4.35,-205
"685",2022-04-29,2022-04-29,4130,110.2,113.3,1.45,4.35,-218
"686",2022-04-29,2022-04-29,4130,113.6,118.5,1.45,4.35,-226
"687",2022-04-29,2022-04-29,4130,119.5,125.05,1.45,4.35,-239
"688",2022-04-29,2022-04-29,4130,125,128.7,1.45,4.35,-248
"689",2022-04-29,2022-04-29,4130,129.75,134,1.45,4.35,-258
"690",2022-04-29,2022-04-29,4130,133.3,138.4,1.45,4.35,-266
"691",2022-04-29,2022-04-29,4130,139.4,144.65,1.45,4.35,-278
"692",2022-04-29,2022-04-29,4130,151.5,157.1,1.45,4.35,-303
"693",2022-04-29,2022-04-29,4130,161.6,168.7,1.45,4.35,-324
"694",2022-04-29,2022-04-29,4130,180.45,185.3,1.45,4.35,-360
"695",2022-04-29,2022-04-29,4130,197.4,203.4,1.45,4.35,-395
"696",2022-04-29,2022-04-29,4130,216.75,219.5,1.45,4.35,-430
"697",2022-04-29,2022-04-29,4130,236.95,239.35,1.45,4.35,-470
"698",2022-04-29,2022-04-29,4130,249.65,251.6,1.45,4.35,-495
"699",2022-04-29,2022-04-29,4130,262.6,263.25,1.45,4.35,-520
"700",2022-04-29,2022-04-29,4130,277.15,276.2,1.45,4.35,-548
"701",2022-04-29,2022-04-29,4130,294.1,288.95,1.45,4.35,-577
"702",2022-06-30,2022-06-30,3790,0.03,11.75,0.03,11.75,0
"703",2022-06-30,2022-06-30,3790,19.2,30.2,0.03,11.75,-38
"704",2022-06-30,2022-06-30,3790,31.1,42.8,0.03,11.75,-62
"705",2022-06-30,2022-06-30,3790,38.65,50.2,0.03,11.75,-77
"706",2022-06-30,2022-06-30,3790,44.4,56.25,0.03,11.75,-89
"707",2022-06-30,2022-06-30,3790,49.95,61.95,0.03,11.75,-100
"708",2022-06-30,2022-06-30,3790,55.6,67.7,0.03,11.75,-112
"709",2022-06-30,2022-06-30,3790,59.85,71.75,0.03,11.75,-120
"710",2022-06-30,2022-06-30,3790,66.5,78.4,0.03,11.75,-133
"711",2022-06-30,2022-06-30,3790,70.65,82.4,0.03,11.75,-141
"712",2022-06-30,2022-06-30,3790,72.5,84.25,0.03,11.75,-145
"713",2022-06-30,2022-06-30,3790,78.4,90.15,0.03,11.75,-157
"714",2022-06-30,2022-06-30,3790,84.35,95.9,0.03,11.75,-168
"715",2022-06-30,2022-06-30,3790,90.15,101.6,0.03,11.75,-180
"716",2022-06-30,2022-06-30,3790,93.45,104.8,0.03,11.75,-186
"717",2022-06-30,2022-06-30,3790,101.25,112.15,0.03,11.75,-202
"718",2022-06-30,2022-06-30,3790,106.5,117.85,0.03,11.75,-213
"719",2022-06-30,2022-06-30,3790,117.7,128.7,0.03,11.75,-235
"720",2022-06-30,2022-06-30,3790,127.85,138.65,0.03,11.75,-255
"721",2022-06-30,2022-06-30,3790,136,147,0.03,11.75,-271
"722",2022-06-30,2022-06-30,3790,148.05,158.1,0.03,11.75,-294
"723",2022-06-30,2022-06-30,3790,153.25,163.85,0.03,11.75,-305
"724",2022-06-30,2022-06-30,3790,170.75,179.6,0.03,11.75,-339
"725",2022-06-30,2022-06-30,3790,187.2,194.1,0.03,11.75,-370
"726",2022-06-30,2022-06-30,3790,208.6,211.05,0.03,11.75,-408
"727",2022-06-30,2022-06-30,3790,217.9,218.85,0.03,11.75,-425
"728",2022-06-30,2022-06-30,3790,235.1,234.3,0.03,11.75,-458
"729",2022-06-30,2022-06-30,3790,244.25,241.65,0.03,11.75,-474
"730",2022-06-30,2022-06-30,3790,258.15,252.9,0.03,11.75,-499
"731",2022-08-31,2022-08-31,3955,2.33,0.28,2.33,0.28,0
"732",2022-08-31,2022-08-31,3955,22.45,19.95,2.33,0.28,-40
"733",2022-08-31,2022-08-31,3955,32.9,30.2,2.33,0.28,-60
"734",2022-08-31,2022-08-31,3955,40.9,38.6,2.33,0.28,-77
"735",2022-08-31,2022-08-31,3955,47.05,43.8,2.33,0.28,-88
"736",2022-08-31,2022-08-31,3955,53.35,49.75,2.33,0.28,-100
"737",2022-08-31,2022-08-31,3955,57.8,54.85,2.33,0.28,-110
"738",2022-08-31,2022-08-31,3955,63.05,59.35,2.33,0.28,-120
"739",2022-08-31,2022-08-31,3955,70.35,66.5,2.33,0.28,-134
"740",2022-08-31,2022-08-31,3955,73.45,70.55,2.33,0.28,-141
"741",2022-08-31,2022-08-31,3955,78.05,75.3,2.33,0.28,-151
"742",2022-08-31,2022-08-31,3955,83.75,80.05,2.33,0.28,-161
"743",2022-08-31,2022-08-31,3955,91.25,87.75,2.33,0.28,-176
"744",2022-08-31,2022-08-31,3955,97.7,92.9,2.33,0.28,-188
"745",2022-08-31,2022-08-31,3955,100.6,95.95,2.33,0.28,-194
"746",2022-08-31,2022-08-31,3955,109.6,104.35,2.33,0.28,-211
"747",2022-08-31,2022-08-31,3955,120.7,114.15,2.33,0.28,-232
"748",2022-08-31,2022-08-31,3955,140.85,131.7,2.33,0.28,-270
"749",2022-08-31,2022-08-31,3955,154.7,142.95,2.33,0.28,-295
"750",2022-08-31,2022-08-31,3955,192.05,176.2,2.33,0.28,-366
"751",2022-08-31,2022-08-31,3955,227.6,202.4,2.33,0.28,-427
"752",2022-10-31,2022-10-31,3875,0.05,3.83,0.05,3.83,0
"753",2022-10-31,2022-10-31,3875,17.45,19.25,0.05,3.83,-33
"754",2022-10-31,2022-10-31,3875,37.1,38.55,0.05,3.83,-72
"755",2022-10-31,2022-10-31,3875,43.8,44.3,0.05,3.83,-84
"756",2022-10-31,2022-10-31,3875,51.2,52.3,0.05,3.83,-100
"757",2022-10-31,2022-10-31,3875,55.8,56.6,0.05,3.83,-109
"758",2022-10-31,2022-10-31,3875,58.9,60.1,0.05,3.83,-115
"759",2022-10-31,2022-10-31,3875,65.85,65.6,0.05,3.83,-128
"760",2022-10-31,2022-10-31,3875,75,75.05,0.05,3.83,-146
"761",2022-10-31,2022-10-31,3875,78.3,77.7,0.05,3.83,-152
"762",2022-10-31,2022-10-31,3875,81.6,81.7,0.05,3.83,-159
"763",2022-10-31,2022-10-31,3875,84.2,84.2,0.05,3.83,-165
"764",2022-10-31,2022-10-31,3875,86.65,87.25,0.05,3.83,-170
"765",2022-10-31,2022-10-31,3875,89.35,88.95,0.05,3.83,-174
"766",2022-10-31,2022-10-31,3875,89.75,90.65,0.05,3.83,-177
"767",2022-10-31,2022-10-31,3875,94.95,93.95,0.05,3.83,-185
"768",2022-10-31,2022-10-31,3875,96.8,96.35,0.05,3.83,-189
"769",2022-10-31,2022-10-31,3875,99.75,97.5,0.05,3.83,-193
"770",2022-10-31,2022-10-31,3875,101.7,99.5,0.05,3.83,-197
"771",2022-10-31,2022-10-31,3875,104.85,101.6,0.05,3.83,-203
"772",2022-10-31,2022-10-31,3875,106.9,103.5,0.05,3.83,-207
"773",2022-10-31,2022-10-31,3875,108.6,105.65,0.05,3.83,-210
"774",2022-10-31,2022-10-31,3875,111,107.6,0.05,3.83,-215
"775",2022-10-31,2022-10-31,3875,113.5,110.05,0.05,3.83,-220
"776",2022-10-31,2022-10-31,3875,125.25,119.5,0.05,3.83,-241
"777",2022-10-31,2022-10-31,3875,139.55,132.25,0.05,3.83,-268
"778",2022-10-31,2022-10-31,3875,158.45,144.85,0.05,3.83,-299
"779",2022-10-31,2022-10-31,3875,185.6,163.05,0.05,3.83,-345
"780",2022-10-31,2022-10-31,3875,198.75,172.95,0.05,3.83,-368
"781",2022-10-31,2022-10-31,3875,218.85,188.45,0.05,3.83,-403
"782",2022-10-31,2022-10-31,3875,230.4,196.15,0.05,3.83,-423
"783",2022-10-31,2022-10-31,3875,249.1,209.6,0.05,3.83,-455
"784",2022-10-31,2022-10-31,3875,265.5,219.9,0.05,3.83,-482
"785",2022-10-31,2022-10-31,3875,285.35,231.55,0.05,3.83,-513
"786",2022-10-31,2022-10-31,3875,310.4,247.95,0.05,3.83,-554
"787",2022-10-31,2022-10-31,3875,333.65,262.05,0.05,3.83,-592
"788",2022-10-31,2022-10-31,3875,346.95,267.7,0.05,3.83,-611
"789",2022-10-31,2022-10-31,3875,364.15,276.3,0.05,3.83,-637
"790",2022-10-31,2022-10-31,3875,384.9,288.9,0.05,3.83,-670
"791",2022-10-31,2022-10-31,3875,405.85,299.45,0.05,3.83,-701
"792",2022-10-31,2022-10-31,3875,417.55,304.45,0.05,3.83,-718
"793",2022-10-31,2022-10-31,3875,432.8,311.9,0.05,3.83,-741
"794",2022-10-31,2022-10-31,3875,448.9,321.5,0.05,3.83,-767
"795",2022-10-31,2022-10-31,3875,465.45,329.1,0.05,3.83,-791
"796",2022-10-31,2022-10-31,3875,489.95,336.7,0.05,3.83,-823
"797",2022-10-31,2022-10-31,3875,572.2,374.75,0.05,3.83,-943
"798",2022-12-30,2022-12-30,3840,0.08,3.78,0.08,3.78,0
"799",2022-12-30,2022-12-30,3840,18.5,20.8,0.08,3.78,-35
"800",2022-12-30,2022-12-30,3840,26.45,28.25,0.08,3.78,-51
"801",2022-12-30,2022-12-30,3840,31.6,32.45,0.08,3.78,-60
"802",2022-12-30,2022-12-30,3840,41.1,41.65,0.08,3.78,-79
"803",2022-12-30,2022-12-30,3840,44.4,45.3,0.08,3.78,-86
"804",2022-12-30,2022-12-30,3840,47.25,47.85,0.08,3.78,-91
"805",2022-12-30,2022-12-30,3840,49.55,50.05,0.08,3.78,-96
"806",2022-12-30,2022-12-30,3840,64.05,62.9,0.08,3.78,-123
"807",2022-12-30,2022-12-30,3840,66.35,65,0.08,3.78,-128
"808",2022-12-30,2022-12-30,3840,69.7,67.8,0.08,3.78,-134
"809",2022-12-30,2022-12-30,3840,72.85,70.3,0.08,3.78,-139
"810",2022-12-30,2022-12-30,3840,75.55,72.25,0.08,3.78,-144
"811",2022-12-30,2022-12-30,3840,75.9,72.9,0.08,3.78,-145
"812",2022-12-30,2022-12-30,3840,80.75,76.3,0.08,3.78,-153
"813",2022-12-30,2022-12-30,3840,83.35,77.9,0.08,3.78,-157
"814",2022-12-30,2022-12-30,3840,85.3,79.65,0.08,3.78,-161
"815",2022-12-30,2022-12-30,3840,87.85,81.45,0.08,3.78,-165
"816",2022-12-30,2022-12-30,3840,89.9,82.95,0.08,3.78,-169
"817",2022-12-30,2022-12-30,3840,90.1,85.45,0.08,3.78,-172
"818",2022-12-30,2022-12-30,3840,93.8,87.4,0.08,3.78,-177
"819",2022-12-30,2022-12-30,3840,99.45,92.6,0.08,3.78,-188
"820",2022-12-30,2022-12-30,3840,106.7,97.1,0.08,3.78,-200
"821",2022-12-30,2022-12-30,3840,109.35,100.05,0.08,3.78,-206
"822",2022-12-30,2022-12-30,3840,115.65,104.8,0.08,3.78,-217
"823",2022-12-30,2022-12-30,3840,125.55,115.5,0.08,3.78,-237
"824",2022-12-30,2022-12-30,3840,136.75,121.45,0.08,3.78,-254
"825",2022-12-30,2022-12-30,3840,139.35,124.65,0.08,3.78,-260
"826",2022-12-30,2022-12-30,3840,164.05,144.15,0.08,3.78,-304
"827",2022-12-30,2022-12-30,3840,182.9,156.75,0.08,3.78,-336
"828",2022-12-30,2022-12-30,3840,206.1,172.4,0.08,3.78,-375
"829",2022-12-30,2022-12-30,3840,210.95,177.95,0.08,3.78,-385
"830",2022-12-30,2022-12-30,3840,235.75,193.5,0.08,3.78,-425
"831",2022-12-30,2022-12-30,3840,246.85,199.85,0.08,3.78,-443
"832",2022-12-30,2022-12-30,3840,262.9,210.15,0.08,3.78,-469
"833",2023-02-28,2023-02-28,3970,6.3,0.08,6.3,0.08,0
"834",2023-02-28,2023-02-28,3970,18.75,12.15,6.3,0.08,-25
"835",2023-02-28,2023-02-28,3970,25.7,18.25,6.3,0.08,-38
"836",2023-02-28,2023-02-28,3970,30.75,22.95,6.3,0.08,-47
"837",2023-02-28,2023-02-28,3970,35.15,27.2,6.3,0.08,-56
"838",2023-02-28,2023-02-28,3970,41.7,32.8,6.3,0.08,-68
"839",2023-02-28,2023-02-28,3970,44.5,35.6,6.3,0.08,-74
"840",2023-02-28,2023-02-28,3970,47.8,37.75,6.3,0.08,-79
"841",2023-02-28,2023-02-28,3970,54.1,44.15,6.3,0.08,-92
"842",2023-02-28,2023-02-28,3970,57.5,46.3,6.3,0.08,-97
"843",2023-02-28,2023-02-28,3970,64.8,54.4,6.3,0.08,-113
"844",2023-02-28,2023-02-28,3970,67.3,56.5,6.3,0.08,-117
"845",2023-02-28,2023-02-28,3970,69.7,57.45,6.3,0.08,-121
"846",2023-02-28,2023-02-28,3970,70.75,58.7,6.3,0.08,-123
"847",2023-02-28,2023-02-28,3970,73.95,61.45,6.3,0.08,-129
"848",2023-02-28,2023-02-28,3970,77.1,62.9,6.3,0.08,-134
"849",2023-02-28,2023-02-28,3970,83.7,70.25,6.3,0.08,-148
"850",2023-02-28,2023-02-28,3970,86.35,71.25,6.3,0.08,-151
"851",2023-02-28,2023-02-28,3970,88.15,73.35,6.3,0.08,-155
"852",2023-02-28,2023-02-28,3970,90.15,74.55,6.3,0.08,-158
"853",2023-02-28,2023-02-28,3970,91.5,75.7,6.3,0.08,-161
"854",2023-02-28,2023-02-28,3970,93.15,76.6,6.3,0.08,-163
"855",2023-02-28,2023-02-28,3970,95.2,77.6,6.3,0.08,-166
"856",2023-02-28,2023-02-28,3970,97.25,79.05,6.3,0.08,-170
"857",2023-02-28,2023-02-28,3970,103.2,83.35,6.3,0.08,-180
"858",2023-02-28,2023-02-28,3970,116.2,93.15,6.3,0.08,-203
"859",2023-02-28,2023-02-28,3970,123.45,97.3,6.3,0.08,-214
"860",2023-02-28,2023-02-28,3970,133.9,103.4,6.3,0.08,-231
"861",2023-02-28,2023-02-28,3970,144.6,111.55,6.3,0.08,-250
"862",2023-02-28,2023-02-28,3970,158.55,121.7,6.3,0.08,-274
"863",2023-02-28,2023-02-28,3970,169.2,128.05,6.3,0.08,-291
"864",2023-02-28,2023-02-28,3970,187.8,140.35,6.3,0.08,-322
"865",2023-02-28,2023-02-28,3970,201.5,147.1,6.3,0.08,-342
"866",2023-02-28,2023-02-28,3970,221.5,157.6,6.3,0.08,-373
"867",2023-02-28,2023-02-28,3970,230.55,163.9,6.3,0.08,-388
"868",2023-02-28,2023-02-28,3970,246.85,172.55,6.3,0.08,-413
"869",2023-04-28,2023-04-28,4170,0.5,0.83,0.5,0.83,0
"870",2023-04-28,2023-04-28,4170,11.55,12.2,0.5,0.83,-22
"871",2023-04-28,2023-04-28,4170,16.25,16.45,0.5,0.83,-31
"872",2023-04-28,2023-04-28,4170,26.4,25.9,0.5,0.83,-51
"873",2023-04-28,2023-04-28,4170,30.45,28.35,0.5,0.83,-57
"874",2023-04-28,2023-04-28,4170,34.5,32.25,0.5,0.83,-65
"875",2023-04-28,2023-04-28,4170,37.05,34.45,0.5,0.83,-70
"876",2023-04-28,2023-04-28,4170,38.65,35.7,0.5,0.83,-73
"877",2023-04-28,2023-04-28,4170,42.35,38.95,0.5,0.83,-80
"878",2023-04-28,2023-04-28,4170,44.8,40.25,0.5,0.83,-84
"879",2023-04-28,2023-04-28,4170,46,42.2,0.5,0.83,-87
"880",2023-04-28,2023-04-28,4170,48.15,44,0.5,0.83,-91
"881",2023-04-28,2023-04-28,4170,49.95,45.5,0.5,0.83,-94
"882",2023-04-28,2023-04-28,4170,51.45,47.25,0.5,0.83,-97
"883",2023-04-28,2023-04-28,4170,53.55,48.45,0.5,0.83,-101
"884",2023-04-28,2023-04-28,4170,54.5,49.05,0.5,0.83,-102
"885",2023-04-28,2023-04-28,4170,57.85,51.2,0.5,0.83,-108
"886",2023-04-28,2023-04-28,4170,59.45,53.8,0.5,0.83,-112
"887",2023-04-28,2023-04-28,4170,61.5,54.4,0.5,0.83,-115
"888",2023-04-28,2023-04-28,4170,64.35,55.15,0.5,0.83,-118
"889",2023-04-28,2023-04-28,4170,66.15,56.55,0.5,0.83,-121
"890",2023-04-28,2023-04-28,4170,68.6,58.75,0.5,0.83,-126
"891",2023-04-28,2023-04-28,4170,69.85,60.1,0.5,0.83,-129
"892",2023-04-28,2023-04-28,4170,74.85,63.65,0.5,0.83,-137
"893",2023-04-28,2023-04-28,4170,76.9,65.2,0.5,0.83,-141
"894",2023-04-28,2023-04-28,4170,84.4,69.7,0.5,0.83,-153
"895",2023-04-28,2023-04-28,4170,95.7,78.25,0.5,0.83,-173
"896",2023-04-28,2023-04-28,4170,114.25,89.45,0.5,0.83,-202
"897",2023-04-28,2023-04-28,4170,139.8,106.25,0.5,0.83,-245
"898",2023-04-28,2023-04-28,4170,152.2,115.3,0.5,0.83,-266
"899",2023-04-28,2023-04-28,4170,173.2,129.1,0.5,0.83,-301
"900",2023-04-28,2023-04-28,4170,188.7,139,0.5,0.83,-326
"901",2023-04-28,2023-04-28,4170,202.95,147.4,0.5,0.83,-349
"902",2023-04-28,2023-04-28,4170,219.35,157.35,0.5,0.83,-375
"903",2023-04-28,2023-04-28,4170,238.85,168.3,0.5,0.83,-406
"904",2023-06-30,2023-06-30,4450,2.17,0.7,2.17,0.7,0
"905",2023-06-30,2023-06-30,4450,10.2,8.65,2.17,0.7,-16
"906",2023-06-30,2023-06-30,4450,15.1,13.45,2.17,0.7,-26
"907",2023-06-30,2023-06-30,4450,19.25,16,2.17,0.7,-32
"908",2023-06-30,2023-06-30,4450,22.85,19.8,2.17,0.7,-40
"909",2023-06-30,2023-06-30,4450,26,22.2,2.17,0.7,-45
"910",2023-06-30,2023-06-30,4450,28.6,24,2.17,0.7,-50
"911",2023-06-30,2023-06-30,4450,32.15,26.8,2.17,0.7,-56
"912",2023-06-30,2023-06-30,4450,34.8,28.1,2.17,0.7,-60
"913",2023-06-30,2023-06-30,4450,36.95,29.75,2.17,0.7,-64
"914",2023-06-30,2023-06-30,4450,39.1,31.55,2.17,0.7,-68
"915",2023-06-30,2023-06-30,4450,41.9,33.05,2.17,0.7,-72
"916",2023-06-30,2023-06-30,4450,43.7,34.35,2.17,0.7,-75
"917",2023-06-30,2023-06-30,4450,46.65,35.4,2.17,0.7,-79
"918",2023-06-30,2023-06-30,4450,48.4,35.65,2.17,0.7,-81
"919",2023-06-30,2023-06-30,4450,50.45,37.85,2.17,0.7,-85
"920",2023-06-30,2023-06-30,4450,52.3,39.35,2.17,0.7,-89
"921",2023-06-30,2023-06-30,4450,57.75,42.4,2.17,0.7,-97
"922",2023-06-30,2023-06-30,4450,59,43.95,2.17,0.7,-100
"923",2023-06-30,2023-06-30,4450,61.9,45.4,2.17,0.7,-104
"924",2023-06-30,2023-06-30,4450,63.75,46.6,2.17,0.7,-107
"925",2023-06-30,2023-06-30,4450,64.4,47.6,2.17,0.7,-109
"926",2023-06-30,2023-06-30,4450,67.05,48.5,2.17,0.7,-113
"927",2023-06-30,2023-06-30,4450,70.4,50.5,2.17,0.7,-118
"928",2023-06-30,2023-06-30,4450,79.85,56.45,2.17,0.7,-133
"929",2023-06-30,2023-06-30,4450,85.8,61,2.17,0.7,-144
"930",2023-06-30,2023-06-30,4450,102.35,70.3,2.17,0.7,-170
"931",2023-06-30,2023-06-30,4450,117.85,78.95,2.17,0.7,-194
"932",2023-06-30,2023-06-30,4450,134.4,87.9,2.17,0.7,-219
"933",2023-06-30,2023-06-30,4450,156.65,98.45,2.17,0.7,-252
"934",2023-06-30,2023-06-30,4450,168.2,103.1,2.17,0.7,-268
"935",2023-06-30,2023-06-30,4450,184.9,113.05,2.17,0.7,-295
"936",2023-06-30,2023-06-30,4450,197.65,118.75,2.17,0.7,-314
"937",2023-06-30,2023-06-30,4450,212.45,126.25,2.17,0.7,-336
"938",2023-06-30,2023-06-30,4450,226.6,130.45,2.17,0.7,-354
"939",2023-06-30,2023-06-30,4450,244.75,138.05,2.17,0.7,-380
"940",2023-06-30,2023-06-30,4450,272.05,149.45,2.17,0.7,-419
"941",2023-06-30,2023-06-30,4450,297.85,160.5,2.17,0.7,-455
"942",2023-06-30,2023-06-30,4450,307.3,164.8,2.17,0.7,-469
"943",2023-06-30,2023-06-30,4450,325.6,172.3,2.17,0.7,-495
"944",2023-06-30,2023-06-30,4450,348.3,182.95,2.17,0.7,-528
"945",2023-06-30,2023-06-30,4450,374.7,193.8,2.17,0.7,-566
"946",2023-06-30,2023-06-30,4450,369,192.75,2.17,0.7,-559
"947",2023-06-30,2023-06-30,4450,396.95,201.5,2.17,0.7,-596
"948",2023-06-30,2023-06-30,4450,440.55,221.65,2.17,0.7,-659
"949",2023-06-30,2023-06-30,4450,602.95,290.15,2.17,0.7,-890
"950",2023-08-31,2023-08-31,4510,0.65,0.55,0.65,0.55,0
"951",2023-08-31,2023-08-31,4510,13.6,12.85,0.65,0.55,-25
"952",2023-08-31,2023-08-31,4510,18.95,17.75,0.65,0.55,-36
"953",2023-08-31,2023-08-31,4510,22.25,20.45,0.65,0.55,-42
"954",2023-08-31,2023-08-31,4510,25.75,22.45,0.65,0.55,-47
"955",2023-08-31,2023-08-31,4510,28.6,24.85,0.65,0.55,-52
"956",2023-08-31,2023-08-31,4510,31.7,27.2,0.65,0.55,-58
"957",2023-08-31,2023-08-31,4510,34.15,29.25,0.65,0.55,-62
"958",2023-08-31,2023-08-31,4510,37.8,32.15,0.65,0.55,-69
"959",2023-08-31,2023-08-31,4510,40.3,33.9,0.65,0.55,-73
"960",2023-08-31,2023-08-31,4510,41.55,34.4,0.65,0.55,-75
"961",2023-08-31,2023-08-31,4510,45.15,37.45,0.65,0.55,-81
"962",2023-08-31,2023-08-31,4510,47.2,38.8,0.65,0.55,-85
"963",2023-08-31,2023-08-31,4510,51.3,42.2,0.65,0.55,-92
"964",2023-08-31,2023-08-31,4510,54.1,43.25,0.65,0.55,-96
"965",2023-08-31,2023-08-31,4510,56,44.7,0.65,0.55,-100
"966",2023-08-31,2023-08-31,4510,58.15,46,0.65,0.55,-103
"967",2023-08-31,2023-08-31,4510,59.9,47.35,0.65,0.55,-106
"968",2023-08-31,2023-08-31,4510,61.7,48.6,0.65,0.55,-109
"969",2023-08-31,2023-08-31,4510,65.95,50.8,0.65,0.55,-116
"970",2023-08-31,2023-08-31,4510,68.05,52.2,0.65,0.55,-119
"971",2023-08-31,2023-08-31,4510,69.75,53.5,0.65,0.55,-122
"972",2023-08-31,2023-08-31,4510,76.05,56.85,0.65,0.55,-132
"973",2023-08-31,2023-08-31,4510,85.65,62.6,0.65,0.55,-147
"974",2023-08-31,2023-08-31,4510,94,66.9,0.65,0.55,-160
"975",2023-08-31,2023-08-31,4510,104.2,72.4,0.65,0.55,-175
"976",2023-08-31,2023-08-31,4510,107.6,74.8,0.65,0.55,-181
"977",2023-08-31,2023-08-31,4510,128.35,87.25,0.65,0.55,-214
"978",2023-08-31,2023-08-31,4510,142.05,94.35,0.65,0.55,-235
"979",2023-08-31,2023-08-31,4510,159.3,103.55,0.65,0.55,-262
"980",2023-08-31,2023-08-31,4510,175.95,109.45,0.65,0.55,-284
"981",2023-08-31,2023-08-31,4510,196.85,118.15,0.65,0.55,-314
"982",2023-08-31,2023-08-31,4510,209.4,124.6,0.65,0.55,-333
"983",2023-08-31,2023-08-31,4510,226.7,132.05,0.65,0.55,-358
"984",2023-10-31,2023-10-31,4195,0.3,0.88,0.3,0.88,0
"985",2023-10-31,2023-10-31,4195,18.3,18.95,0.3,0.88,-36
"986",2023-10-31,2023-10-31,4195,25.65,24.85,0.3,0.88,-49
"987",2023-10-31,2023-10-31,4195,32.25,30.95,0.3,0.88,-62
"988",2023-10-31,2023-10-31,4195,36.9,35,0.3,0.88,-71
"989",2023-10-31,2023-10-31,4195,40.5,38.1,0.3,0.88,-77
"990",2023-10-31,2023-10-31,4195,43.75,40.9,0.3,0.88,-83
"991",2023-10-31,2023-10-31,4195,47.2,43.2,0.3,0.88,-89
"992",2023-10-31,2023-10-31,4195,50,46,0.3,0.88,-95
"993",2023-10-31,2023-10-31,4195,53.25,48.7,0.3,0.88,-101
"994",2023-10-31,2023-10-31,4195,56.5,52.15,0.3,0.88,-107
"995",2023-10-31,2023-10-31,4195,58.75,54.6,0.3,0.88,-112
"996",2023-10-31,2023-10-31,4195,61.55,56.45,0.3,0.88,-117
"997",2023-10-31,2023-10-31,4195,62.75,57.3,0.3,0.88,-119
"998",2023-10-31,2023-10-31,4195,66.45,60.75,0.3,0.88,-126
"999",2023-10-31,2023-10-31,4195,69.1,62.1,0.3,0.88,-130
"1000",2023-10-31,2023-10-31,4195,72.15,63.5,0.3,0.88,-134
"1001",2023-10-31,2023-10-31,4195,74,64.95,0.3,0.88,-138
"1002",2023-10-31,2023-10-31,4195,76.7,67.05,0.3,0.88,-143
"1003",2023-10-31,2023-10-31,4195,82.4,71.7,0.3,0.88,-153
"1004",2023-10-31,2023-10-31,4195,84.2,73.15,0.3,0.88,-156
"1005",2023-10-31,2023-10-31,4195,104.5,86.8,0.3,0.88,-190
"1006",2023-10-31,2023-10-31,4195,123.7,97.25,0.3,0.88,-220
"1007",2023-10-31,2023-10-31,4195,147.05,109.45,0.3,0.88,-255
"1008",2023-10-31,2023-10-31,4195,160.85,117.8,0.3,0.88,-277
"1009",2023-10-31,2023-10-31,4195,178.35,127.45,0.3,0.88,-305
"1010",2023-10-31,2023-10-31,4195,220.15,149.7,0.3,0.88,-369
"1011",2023-12-29,2023-12-29,4770,1.82,0.78,1.82,0.78,0
"1012",2023-12-29,2023-12-29,4770,12.55,9.55,1.82,0.78,-20
"1013",2023-12-29,2023-12-29,4770,18.6,13.75,1.82,0.78,-30
"1014",2023-12-29,2023-12-29,4770,23.3,16.4,1.82,0.78,-37
"1015",2023-12-29,2023-12-29,4770,28.7,21.2,1.82,0.78,-47
"1016",2023-12-29,2023-12-29,4770,32.95,23.4,1.82,0.78,-54
"1017",2023-12-29,2023-12-29,4770,34.25,25.95,1.82,0.78,-58
"1018",2023-12-29,2023-12-29,4770,37.1,27.6,1.82,0.78,-62
"1019",2023-12-29,2023-12-29,4770,43.3,29.95,1.82,0.78,-71
"1020",2023-12-29,2023-12-29,4770,45.15,32.1,1.82,0.78,-75
"1021",2023-12-29,2023-12-29,4770,48.05,34.4,1.82,0.78,-80
"1022",2023-12-29,2023-12-29,4770,50.3,35.95,1.82,0.78,-84
"1023",2023-12-29,2023-12-29,4770,53.3,37.15,1.82,0.78,-88
"1024",2023-12-29,2023-12-29,4770,54.65,37.65,1.82,0.78,-90
"1025",2023-12-29,2023-12-29,4770,58.3,40.35,1.82,0.78,-96
"1026",2023-12-29,2023-12-29,4770,60.2,41.55,1.82,0.78,-99
"1027",2023-12-29,2023-12-29,4770,62.25,43.05,1.82,0.78,-103
"1028",2023-12-29,2023-12-29,4770,64.8,44.25,1.82,0.78,-106
"1029",2023-12-29,2023-12-29,4770,66.95,45.35,1.82,0.78,-110
"1030",2023-12-29,2023-12-29,4770,69.25,46.8,1.82,0.78,-113
"1031",2023-12-29,2023-12-29,4770,70.6,48.25,1.82,0.78,-116
"1032",2023-12-29,2023-12-29,4770,74.25,51.05,1.82,0.78,-123
"1033",2023-12-29,2023-12-29,4770,77.3,52.05,1.82,0.78,-127
"1034",2023-12-29,2023-12-29,4770,79,53.95,1.82,0.78,-130
"1035",2023-12-29,2023-12-29,4770,81.1,55.4,1.82,0.78,-134
"1036",2023-12-29,2023-12-29,4770,83.45,56.35,1.82,0.78,-137
"1037",2023-12-29,2023-12-29,4770,86.65,57.4,1.82,0.78,-141
"1038",2023-12-29,2023-12-29,4770,89.9,59.3,1.82,0.78,-147
"1039",2023-12-29,2023-12-29,4770,90.4,60.65,1.82,0.78,-148
"1040",2023-12-29,2023-12-29,4770,97.35,64.75,1.82,0.78,-160
"1041",2023-12-29,2023-12-29,4770,113.1,73.75,1.82,0.78,-184
"1042",2023-12-29,2023-12-29,4770,131.5,84.4,1.82,0.78,-213
"1043",2023-12-29,2023-12-29,4770,147.5,92.45,1.82,0.78,-237
"1044",2023-12-29,2023-12-29,4770,171,103.95,1.82,0.78,-272
"1045",2023-12-29,2023-12-29,4770,181.75,109.7,1.82,0.78,-289
"1046",2023-12-29,2023-12-29,4770,200.1,119,1.82,0.78,-316
"1047",2023-12-29,2023-12-29,4770,214,126.7,1.82,0.78,-338
"1048",2023-12-29,2023-12-29,4770,234.5,136.95,1.82,0.78,-369
